cluster,loan_amount,term,property_value,income,Credit_Score,persona_label,Status
0,230646.0948188686,193.38266611147463,394787.8175004461,6944.601130334216,700.9869728154184,Persona A,0.14615430372970079
1,235517.8291256597,357.31915561260877,322938.0972757096,4943.457468194612,699.2700185422907,Persona B,0.18978747682213665
2,507065.5941735042,354.64635383055224,741461.7866691251,9899.543898298214,699.9371485203282,Persona C,0.11420208352539873
